Plant_ID,Family,Treatment,Bradyrhizobia,Pseudomonas,Variovorax,Block,Position,Germination,Mortality1,Leaf_no_1,Leaf_no_2,Mortality2,Leaf_no_3,Leaf_no_4,Leaf_no_5,Leaf_no_6,Death_day,Nodule_no,Pink_nodule,Yellow_nodule,Dark_nodule,Long_nodule,Round_nodule,Flower_date,Flower_count,Aboveground_mg,Belowground_mg,Dead
ZP001,S11,CCC,N,N,N,A,20,1,0,NA,NA,0,NA,NA,NA,NA,NA,0,0,0,0,0,0,NA,0,4.73,2.07,0
ZP002,S5,CCC,N,N,N,A,1,1,1,1,2,1,4,3,4,4,NA,0,0,0,0,0,0,NA,0,13.3,26.67,0
ZP003,S1,CCC,N,N,N,A,8,1,1,1,1,1,NA,NA,NA,NA,NA,0,0,0,0,0,0,NA,0,7.31,2.26,0
ZP004,S1,BCC,Y,N,N,A,19,1,1,0,NA,0,NA,NA,NA,NA,NA,0,0,0,0,0,0,NA,0,4.63,2.26,0
ZP005,S3,BCC,Y,N,N,A,26,1,1,1,2,1,4,2,4,9,NA,8,6,2,0,7,1,NA,0,69.52,49.67,0
ZP006,S5,BCC,Y,N,N,A,5,1,1,1,NA,0,NA,NA,NA,NA,NA,0,0,0,0,0,0,NA,0,8.63,1.75,0
ZP007,S4,VCC,N,N,Y,A,25,1,1,1,NA,0,NA,NA,NA,NA,NA,0,0,0,0,0,0,NA,0,6.4,0.18,0
ZP008,S5,VCC,N,N,Y,A,7,1,1,1,2,1,3,2,3,3,NA,0,0,0,0,0,0,NA,0,12.27,15.96,0
ZP009,S6,VCC,N,N,Y,A,11,1,0,NA,NA,0,NA,NA,NA,NA,NA,0,0,0,0,0,0,NA,0,4.26,2.84,0
ZP010,S1,PCC,N,Y,N,A,28,1,1,1,2,1,2,2,3,3,NA,0,0,0,0,0,0,NA,0,11.21,28.91,0
ZP011,S10,PCC,N,Y,N,A,6,1,1,1,2,1,4,3,5,1,NA,0,0,0,0,0,0,NA,0,8.82,26.11,0
ZP012,S7,PCC,N,Y,N,A,14,1,0,NA,NA,0,NA,NA,NA,NA,NA,0,0,0,0,0,0,NA,0,4.47,1.68,0
ZP013,S7,BVC,Y,N,Y,A,16,0,0,NA,NA,0,NA,NA,NA,NA,NA,0,0,0,0,0,0,NA,0,NA,NA,0
ZP014,S9,BVC,Y,N,Y,A,21,1,0,NA,NA,0,NA,NA,NA,NA,NA,0,0,0,0,0,0,NA,0,1.98,1.18,0
ZP015,S2,BVC,Y,N,Y,A,13,1,0,NA,NA,0,NA,NA,NA,NA,NA,0,0,0,0,0,0,NA,0,3.11,1.96,0
ZP016,S8,BVC,Y,N,Y,A,9,1,1,0,NA,0,NA,NA,NA,NA,NA,0,0,0,0,0,0,NA,0,5.11,1.57,0
ZP017,S4,BPC,Y,Y,N,A,4,1,1,1,2,1,5,4,6,7,NA,24,3,6,15,6,18,NA,0,28.54,45.66,0
ZP018,S9,BPC,Y,Y,N,A,23,1,1,0,NA,0,NA,NA,NA,NA,NA,0,0,0,0,0,0,NA,0,4.46,7.54,0
ZP019,S7,BPC,Y,Y,N,A,2,1,1,0,NA,0,NA,NA,NA,NA,NA,0,0,0,0,0,0,NA,0,NA,NA,0
ZP020,S11,BPC,Y,Y,N,A,15,1,1,0,NA,0,NA,NA,NA,NA,NA,0,0,0,0,0,0,NA,0,3.24,0.84,0
ZP021,S8,BPV,Y,Y,Y,A,18,1,1,0,NA,0,NA,NA,NA,NA,NA,0,0,0,0,0,0,NA,0,4.63,2.17,0
ZP022,S11,BPV,Y,Y,Y,A,17,1,1,0,NA,0,NA,NA,NA,NA,NA,0,0,0,0,0,0,NA,0,4.32,0.88,0
ZP023,S1,BPV,Y,Y,Y,A,24,1,1,1,1,1,3,3,4,2,NA,0,0,0,0,0,0,NA,0,5.51,15.63,0
ZP024,S10,BPV,Y,Y,Y,A,10,1,1,0,NA,1,NA,NA,NA,NA,NA,0,0,0,0,0,0,NA,0,6.58,3.45,0
ZP025,S4,PVC,N,Y,Y,A,27,1,1,1,2,1,NA,NA,NA,NA,NA,0,0,0,0,0,0,NA,0,9.5,2.78,0
ZP026,S6,PVC,N,Y,Y,A,12,1,0,NA,NA,0,NA,NA,NA,NA,NA,0,0,0,0,0,0,NA,0,5.33,1.62,0
ZP027,S4,PVC,N,Y,Y,A,3,1,1,0,1,1,3,2,3,NA,19,0,0,0,0,0,0,NA,0,4.38,7.17,1
ZP028,S9,PVC,N,Y,Y,A,22,1,1,0,NA,1,NA,NA,NA,NA,NA,0,0,0,0,0,0,NA,0,2.44,0.58,0
ZP029,S4,CCC,N,N,N,B,22,1,0,NA,NA,0,NA,NA,NA,NA,NA,0,0,0,0,0,0,NA,0,4.77,1.57,0
ZP030,S11,CCC,N,N,N,B,6,1,1,1,1,1,NA,NA,NA,NA,NA,0,0,0,0,0,0,NA,0,9.4,1.7,0
ZP031,S9,CCC,N,N,N,B,26,1,1,1,2,1,3,1,2,2,NA,0,0,0,0,0,0,NA,0,10.09,17.66,0
ZP032,S10,CCC,N,N,N,B,15,1,1,0,NA,0,NA,NA,NA,NA,NA,0,0,0,0,0,0,NA,0,4.81,5.33,0
ZP033,S4,BCC,Y,N,N,B,25,1,1,1,2,1,4,3,3,NA,27,0,0,0,0,0,0,NA,0,8.55,21.51,1
ZP034,S7,BCC,Y,N,N,B,13,1,1,0,1,1,3,3,3,2,NA,0,0,0,0,0,0,NA,0,6.65,17.9,0
ZP035,S11,BCC,Y,N,N,B,21,1,0,NA,NA,0,NA,NA,NA,NA,NA,0,0,0,0,0,0,NA,0,2.86,2.49,0
ZP036,S4,BCC,Y,N,N,B,28,1,1,0,NA,0,NA,NA,NA,NA,NA,0,0,0,0,0,0,NA,0,3.26,6.61,0
ZP037,S6,VCC,N,N,Y,B,8,1,1,1,2,1,3,3,3,1,NA,0,0,0,0,0,0,NA,0,16.3,34.4,0
ZP038,S7,VCC,N,N,Y,B,14,1,1,0,2,1,3,3,4,3,NA,0,0,0,0,0,0,NA,0,9.93,9.98,0
ZP039,S10,VCC,N,N,Y,B,19,1,1,1,2,1,4,1,3,1,NA,0,0,0,0,0,0,NA,0,10.11,14.32,0
ZP040,S3,PCC,N,Y,N,B,3,0,1,0,NA,0,NA,NA,NA,NA,NA,0,0,0,0,0,0,NA,0,4.2,0.6,0
ZP041,S11,PCC,N,Y,N,B,10,1,1,1,2,1,4,2,4,3,NA,0,0,0,0,0,0,NA,0,13.6,19,0
ZP042,S1,PCC,N,Y,N,B,7,1,1,0,1,1,4,4,5,NA,23,0,0,0,0,0,0,NA,0,5.9,13.4,1
ZP043,S11,PCC,N,Y,N,B,9,1,1,1,2,1,4,2,3,3,NA,0,0,0,0,0,0,NA,0,13.7,18.3,0
ZP044,S10,BVC,Y,N,Y,B,20,1,1,1,2,1,4,2,4,2,NA,16,0,0,16,0,16,NA,0,11.18,21.11,0
ZP045,S5,BVC,Y,N,Y,B,5,1,0,NA,NA,0,NA,NA,NA,NA,NA,0,0,0,0,0,0,NA,0,6.8,1.7,0
ZP046,S3,BVC,Y,N,Y,B,2,1,1,1,NA,0,NA,NA,NA,NA,NA,0,0,0,0,0,0,NA,0,3.4,2.9,0
ZP047,S1,BPC,Y,Y,N,B,24,1,1,0,2,1,4,4,4,4,NA,8,0,0,8,0,8,NA,0,16.59,14.65,0
ZP048,S4,BPC,Y,Y,N,B,12,1,1,1,2,0,3,2,3,4,NA,14,0,0,14,0,14,NA,0,11.23,10.9,0
ZP049,S5,BPC,Y,Y,N,B,4,1,0,0,NA,0,NA,NA,NA,NA,NA,0,0,0,0,0,0,NA,0,10.1,6.1,0
ZP050,S2,BPV,Y,Y,Y,B,1,1,1,1,1,1,NA,NA,NA,NA,NA,0,0,0,0,0,0,NA,0,4.8,7.9,0
ZP051,S7,BPV,Y,Y,Y,B,17,1,1,1,2,1,4,3,4,4,NA,8,0,0,8,0,8,NA,0,11.81,12.68,0
ZP052,S9,BPV,Y,Y,Y,B,23,1,1,0,1,1,3,4,4,NA,14,0,0,0,0,0,0,NA,0,5.55,12.89,1
ZP053,S8,BPV,Y,Y,Y,B,11,1,1,0,1,1,NA,NA,NA,NA,NA,0,0,0,0,0,0,NA,0,7.3,0.8,0
ZP054,S6,PVC,N,Y,Y,B,27,1,1,1,2,1,4,3,4,1,NA,0,0,0,0,0,0,NA,0,13.75,13.82,0
ZP055,S2,PVC,N,Y,Y,B,16,1,1,1,2,1,4,3,4,5,NA,0,0,0,0,0,0,NA,0,8.72,13.09,0
ZP056,S11,PVC,N,Y,Y,B,18,1,1,1,2,1,3,1,2,4,NA,0,0,0,0,0,0,NA,0,8.67,15.82,0
ZP057,S7,CCC,N,N,N,C,22,1,1,1,NA,0,NA,NA,NA,NA,NA,0,0,0,0,0,0,NA,0,2.49,1.35,0
ZP058,S9,CCC,N,N,N,C,14,1,1,0,1,1,2,2,3,2,NA,0,0,0,0,0,0,NA,0,6.2,9.28,0
ZP059,S7,CCC,N,N,N,C,2,1,0,NA,NA,0,NA,NA,NA,NA,NA,0,0,0,0,0,0,NA,0,1.9,NA,0
ZP060,S8,CCC,N,N,N,C,27,1,0,0,NA,0,NA,NA,NA,NA,NA,0,0,0,0,0,0,NA,0,5.39,0.57,0
ZP061,S2,BCC,Y,N,N,C,23,1,1,1,NA,1,NA,NA,NA,NA,NA,0,0,0,0,0,0,NA,0,6.41,1.2,0
ZP062,S6,BCC,Y,N,N,C,7,1,0,NA,NA,0,NA,NA,NA,NA,NA,0,0,0,0,0,0,NA,0,NA,NA,0
ZP063,S6,BCC,Y,N,N,C,18,1,1,1,2,1,4,4,5,2,NA,0,0,0,0,0,0,NA,0,10.26,11.98,0
ZP064,S5,VCC,N,N,Y,C,13,1,0,NA,NA,0,NA,NA,NA,NA,NA,0,0,0,0,0,0,NA,0,3.87,NA,0
ZP065,S2,VCC,N,N,Y,C,11,1,1,1,2,1,4,4,4,2,NA,0,0,0,0,0,0,NA,0,11.8,16.2,0
ZP066,S8,VCC,N,N,Y,C,16,1,1,1,NA,1,NA,NA,NA,NA,NA,0,0,0,0,0,0,NA,0,7.34,1.52,0
ZP067,S11,VCC,N,N,Y,C,3,1,1,0,NA,1,NA,NA,NA,NA,NA,0,0,0,0,0,0,NA,0,4.2,0.5,0
ZP068,S1,PCC,N,Y,N,C,26,1,0,NA,NA,0,NA,NA,NA,NA,NA,0,0,0,0,0,0,NA,0,3.06,9.21,0
ZP069,S3,PCC,N,Y,N,C,4,1,0,NA,NA,0,NA,NA,NA,NA,NA,0,0,0,0,0,0,NA,0,3.4,2.9,0
ZP070,S2,PCC,N,Y,N,C,28,1,0,NA,NA,0,NA,NA,NA,NA,NA,0,0,0,0,0,0,NA,0,NA,NA,0
ZP071,S1,BVC,Y,N,Y,C,8,1,1,1,2,1,4,3,3,2,NA,10,0,0,10,0,10,NA,0,14.93,15.66,0
ZP072,S6,BVC,Y,N,Y,C,5,1,0,NA,NA,0,NA,NA,NA,NA,NA,0,0,0,0,0,0,NA,0,NA,NA,0
ZP073,S11,BVC,Y,N,Y,C,9,1,1,1,1,1,NA,NA,NA,NA,NA,0,0,0,0,0,0,NA,0,5.51,7.23,0
ZP074,S5,BPC,Y,Y,N,C,6,1,1,0,0,1,NA,NA,NA,NA,NA,0,0,0,0,0,0,NA,0,3.04,2.08,0
ZP075,S2,BPC,Y,Y,N,C,21,1,0,NA,NA,0,NA,NA,NA,NA,NA,0,0,0,0,0,0,NA,0,5.79,0.68,0
ZP076,S3,BPC,Y,Y,N,C,25,1,0,NA,NA,0,NA,NA,NA,NA,NA,0,0,0,0,0,0,NA,0,3.16,5.45,0
ZP077,S5,BPV,Y,Y,Y,C,20,1,1,1,2,1,3,2,3,NA,21,0,0,0,0,0,0,NA,0,14.25,14.32,1
ZP078,S2,BPV,Y,Y,Y,C,24,1,1,1,NA,0,NA,NA,NA,NA,NA,0,0,0,0,0,0,NA,0,6.14,4.55,0
ZP079,S6,BPV,Y,Y,Y,C,17,1,1,1,NA,0,NA,NA,NA,NA,NA,0,0,0,0,0,0,NA,0,3.81,1.84,0
ZP080,S3,BPV,Y,Y,Y,C,10,1,1,1,1,1,3,3,4,NA,14,0,0,0,0,0,0,NA,0,5.68,5.51,1
ZP081,S5,PVC,N,Y,Y,C,1,1,1,1,NA,0,NA,NA,NA,NA,NA,0,0,0,0,0,0,NA,0,1.8,0.3,0
ZP082,S10,PVC,N,Y,Y,C,12,1,1,1,2,1,3,3,3,3,NA,0,0,0,0,0,0,NA,0,13.3,16.5,0
ZP083,S8,PVC,N,Y,Y,C,19,1,1,0,1,1,NA,NA,NA,NA,NA,0,0,0,0,0,0,NA,0,3.71,0.42,0
ZP084,S8,PVC,N,Y,Y,C,15,1,1,1,1,1,4,3,3,3,NA,1,0,0,1,0,1,NA,0,10.68,11.61,0
ZP085,S1,CCC,N,N,N,D,17,1,1,1,2,1,3,2,3,NA,15,0,0,0,0,0,0,NA,0,9.3,6.8,1
ZP086,S2,CCC,N,N,N,D,18,1,1,1,2,1,3,3,3,NA,28,0,0,0,0,0,0,NA,0,7.7,8.4,1
ZP087,S6,CCC,N,N,N,D,23,1,0,NA,NA,0,NA,NA,NA,NA,NA,0,0,0,0,0,0,NA,0,NA,NA,0
ZP088,S9,CCC,N,N,N,D,9,1,1,1,2,1,3,1,2,NA,13,0,0,0,0,0,0,NA,0,8.34,17.21,1
ZP089,S8,BCC,Y,N,N,D,5,1,1,1,2,1,4,4,5,11,NA,3,1,2,0,1,2,NA,0,88.68,54.87,0
ZP090,S10,BCC,Y,N,N,D,13,1,0,NA,NA,0,NA,NA,NA,NA,NA,0,0,0,0,0,0,NA,0,0.69,3.34,0
ZP091,S9,BCC,Y,N,N,D,2,1,1,1,2,1,5,7,10,9,NA,13,0,10,3,10,3,62,7,201.4,67.15,0
ZP092,S3,VCC,N,N,Y,D,1,1,0,NA,NA,0,NA,NA,NA,NA,NA,0,0,0,0,0,0,NA,0,4.79,1.35,0
ZP093,S11,VCC,N,N,Y,D,22,1,1,1,2,1,3,3,3,4,NA,0,0,0,0,0,0,NA,0,8.6,10.4,0
ZP094,S10,VCC,N,N,Y,D,25,1,1,0,2,1,3,3,NA,NA,NA,0,0,0,0,0,0,NA,0,4.9,4.1,0
ZP095,S8,PCC,N,Y,N,D,6,1,1,1,2,1,NA,NA,NA,NA,NA,0,0,0,0,0,0,NA,0,9.37,1.84,0
ZP096,S2,PCC,N,Y,N,D,21,1,1,1,2,1,4,3,4,2,NA,0,0,0,0,0,0,NA,0,10.9,15,0
ZP097,S7,PCC,N,Y,N,D,12,1,1,0,2,1,3,1,1,NA,1,0,0,0,0,0,0,NA,0,9.44,10.68,1
ZP098,S8,BVC,Y,N,Y,D,7,1,1,0,1,1,4,4,5,2,NA,0,0,0,0,0,0,NA,0,10.28,7.91,0
ZP099,S6,BVC,Y,N,Y,D,26,1,0,NA,NA,0,NA,NA,NA,NA,NA,0,0,0,0,0,0,NA,0,5.4,0.6,0
ZP100,S7,BVC,Y,N,Y,D,24,1,1,1,2,1,3,3,NA,NA,NA,0,0,0,0,0,0,NA,0,9.8,5.6,0
ZP101,S11,BVC,Y,N,Y,D,10,1,1,1,2,1,3,3,1,NA,1,3,0,0,3,0,3,NA,0,9.64,5.52,1
ZP102,S2,BPC,Y,Y,N,D,20,1,1,1,2,1,4,5,4,1,NA,7,0,0,7,3,4,NA,0,12.6,13.6,0
ZP103,S5,BPC,Y,Y,N,D,15,1,1,1,2,1,3,4,7,13,NA,11,6,2,3,5,6,102,1,158.78,65.66,0
ZP104,S9,BPC,Y,Y,N,D,4,1,1,0,NA,0,NA,NA,NA,NA,NA,22,7,0,15,1,21,NA,0,2.18,NA,0
ZP105,S10,BPC,Y,Y,N,D,14,1,1,1,3,1,4,6,8,9,NA,0,0,0,0,0,0,NA,0,100.77,47.72,0
ZP106,S8,BPV,Y,Y,Y,D,3,1,1,0,NA,0,NA,NA,NA,NA,NA,0,0,0,0,0,0,NA,0,5.36,NA,0
ZP107,S9,BPV,Y,Y,Y,D,11,1,1,1,2,1,3,1,3,3,NA,5,0,0,5,0,5,NA,0,6.75,8.29,0
ZP108,S5,BPV,Y,Y,Y,D,16,1,1,1,2,1,NA,NA,NA,NA,NA,0,0,0,0,0,0,NA,0,7.49,2.4,0
ZP109,S7,BPV,Y,Y,Y,D,28,1,0,NA,NA,0,NA,NA,NA,NA,NA,0,0,0,0,0,0,NA,0,4.1,0.3,0
ZP110,S1,PVC,N,Y,Y,D,27,1,0,NA,NA,0,NA,NA,NA,NA,NA,0,0,0,0,0,0,NA,0,3.8,0.4,0
ZP111,S3,PVC,N,Y,Y,D,19,1,0,NA,NA,0,NA,NA,NA,NA,NA,0,0,0,0,0,0,NA,0,1.8,0.9,0
ZP112,S7,PVC,N,Y,Y,D,8,1,1,1,2,1,4,3,5,2,NA,0,0,0,0,0,0,NA,0,12.23,15.51,0
ZP113,S1,CCC,N,N,N,E,28,1,1,1,2,1,1,1,1,NA,1,0,0,0,0,0,0,NA,0,8.16,15.13,1
ZP114,S3,CCC,N,N,N,E,18,1,1,1,3,1,4,3,4,3,NA,0,0,0,0,0,0,NA,0,19.65,29.1,0
ZP115,S8,CCC,N,N,N,E,9,1,1,1,2,1,3,2,2,NA,11,0,0,0,0,0,0,NA,0,7.61,13.18,1
ZP116,S10,BCC,Y,N,N,E,27,1,1,1,2,1,5,7,8,8,NA,18,3,0,15,3,15,58,2,98.8,67.13,0
ZP117,S8,BCC,Y,N,N,E,16,1,1,1,2,1,3,2,1,NA,1,0,0,0,0,0,0,NA,0,9.3,8.46,1
ZP118,S11,BCC,Y,N,N,E,1,1,1,1,2,1,3,3,4,3,NA,12,0,0,12,0,12,NA,0,11.83,10.86,0
ZP119,S11,VCC,N,N,Y,E,25,1,1,1,2,1,3,2,3,3,NA,0,0,0,0,0,0,NA,0,12.8,22.8,0
ZP120,S1,VCC,N,N,Y,E,2,1,1,1,2,1,3,1,2,NA,3,0,0,0,0,0,0,NA,0,8.81,9.37,1
ZP121,S6,VCC,N,N,Y,E,3,1,1,0,2,1,3,4,5,3,NA,0,0,0,0,0,0,NA,0,12.57,28.8,0
ZP122,S8,VCC,N,N,Y,E,22,1,1,1,2,1,3,2,NA,NA,NA,0,0,0,0,0,0,NA,0,11.95,3.9,0
ZP123,S8,PCC,N,Y,N,E,26,1,1,1,2,1,3,2,2,NA,1,0,0,0,0,0,0,NA,0,13.34,7.23,1
ZP124,S10,PCC,N,Y,N,E,14,1,1,1,2,1,2,1,1,NA,1,0,0,0,0,0,0,NA,0,14.23,9.69,1
ZP125,S9,PCC,N,Y,N,E,6,1,0,NA,NA,0,NA,NA,NA,NA,NA,0,0,0,0,0,0,NA,0,2,NA,0
ZP126,S4,BVC,Y,N,Y,E,15,1,1,1,2,1,3,1,2,NA,1,0,0,0,0,0,0,NA,0,10.01,19.5,1
ZP127,S8,BVC,Y,N,Y,E,4,1,1,1,2,1,5,7,10,8,NA,13,0,0,13,9,4,NA,0,80.46,35.16,0
ZP128,S4,BVC,Y,N,Y,E,23,1,1,1,2,1,NA,NA,NA,NA,NA,0,0,0,0,0,0,NA,0,7.2,7.78,0
ZP129,S8,BPC,Y,Y,N,E,24,1,1,1,2,1,2,4,NA,NA,NA,0,0,0,0,0,0,NA,0,8.7,23.84,0
ZP130,S11,BPC,Y,Y,N,E,20,1,1,1,2,1,2,2,NA,NA,NA,0,0,0,0,0,0,NA,0,8.1,7.61,0
ZP131,S1,BPC,Y,Y,N,E,8,1,1,1,2,1,NA,NA,NA,NA,NA,2,0,0,2,0,2,NA,0,25.47,9.71,0
ZP132,S9,BPC,Y,Y,N,E,19,1,1,1,2,1,NA,NA,NA,NA,NA,0,0,0,0,0,0,NA,0,7.83,9.22,0
ZP133,S1,BPV,Y,Y,Y,E,17,1,1,1,2,1,3,3,2,NA,4,0,0,0,0,0,0,NA,0,8.76,6.5,1
ZP134,S3,BPV,Y,Y,Y,E,13,1,0,NA,NA,0,NA,NA,NA,NA,NA,0,0,0,0,0,0,NA,0,3.53,4.47,0
ZP135,S7,BPV,Y,Y,Y,E,12,1,1,1,2,1,3,3,3,1,NA,0,0,0,0,0,0,NA,0,7.05,13.02,0
ZP136,S10,BPV,Y,Y,Y,E,7,1,1,1,2,1,NA,NA,NA,NA,NA,23,0,0,23,0,23,NA,0,27.8,7.54,0
ZP137,S4,PVC,N,Y,Y,E,10,1,1,1,2,1,4,3,3,NA,15,0,0,0,0,0,0,NA,0,12.43,15.91,1
ZP138,S5,PVC,N,Y,Y,E,11,1,1,1,2,1,3,1,2,NA,14,0,0,0,0,0,0,NA,0,7.89,15.8,1
ZP139,S11,PVC,N,Y,Y,E,21,1,1,1,2,1,3,2,3,4,NA,0,0,0,0,0,0,NA,0,11.99,16.55,0
ZP140,S8,PVC,N,Y,Y,E,5,0,0,NA,NA,0,NA,NA,NA,NA,NA,0,0,0,0,0,0,NA,0,NA,NA,0
ZP141,S3,CCC,N,N,N,F,12,1,1,1,3,1,2,2,NA,NA,NA,0,0,0,0,0,0,NA,0,5.45,9.84,0
ZP142,S5,CCC,N,N,N,F,8,1,1,1,2,1,3,2,3,3,NA,0,0,0,0,0,0,NA,0,13.13,16.27,0
ZP143,S10,CCC,N,N,N,F,23,1,1,1,3,1,3,4,5,NA,4,0,0,0,0,0,0,NA,0,11.74,11.33,1
ZP144,S6,CCC,N,N,N,F,5,1,1,1,2,1,4,2,3,4,NA,0,0,0,0,0,0,NA,0,15.09,16.49,0
ZP145,S6,BCC,Y,N,N,F,7,1,1,1,2,1,4,3,4,NA,13,0,0,0,0,0,0,NA,0,6.66,18.59,1
ZP146,S11,BCC,Y,N,N,F,26,1,1,1,2,1,2,1,NA,NA,NA,0,0,0,0,0,0,NA,0,5.91,8.23,0
ZP147,S7,BCC,Y,N,N,F,25,1,1,1,2,1,5,5,8,10,NA,15,4,11,0,7,8,94,2,179.3,104.05,0
ZP148,S1,BCC,Y,N,N,F,3,1,1,1,2,1,2,5,5,5,NA,4,0,1,3,2,2,100,1,88.12,59.88,0
ZP149,S8,VCC,N,N,Y,F,2,1,1,1,2,1,2,3,NA,NA,NA,0,0,0,0,0,0,NA,0,8.26,13.79,0
ZP150,S5,VCC,N,N,Y,F,1,1,1,1,2,1,3,2,3,2,NA,0,0,0,0,0,0,NA,0,10.93,12.95,0
ZP151,S7,VCC,N,N,Y,F,16,1,1,1,2,1,NA,NA,NA,NA,NA,0,0,0,0,0,0,NA,0,5.44,5.05,0
ZP152,S9,VCC,N,N,Y,F,14,1,1,1,2,1,2,2,2,NA,1,0,0,0,0,0,0,NA,0,7.49,12.95,1
ZP153,S4,PCC,N,Y,N,F,22,1,1,1,2,1,2,2,NA,NA,NA,0,0,0,0,0,0,NA,0,7.41,4.67,0
ZP154,S11,PCC,N,Y,N,F,11,1,1,1,2,1,1,2,NA,NA,NA,0,0,0,0,0,0,NA,0,6.1,4.47,0
ZP155,S6,PCC,N,Y,N,F,28,1,1,1,2,1,3,2,4,1,NA,0,0,0,0,0,0,NA,0,10.43,23.47,0
ZP156,S3,BVC,Y,N,Y,F,19,1,1,1,3,1,6,9,9,26,NA,23,0,13,12,17,6,NA,0,126.14,65.43,0
ZP157,S5,BVC,Y,N,Y,F,24,0,0,NA,NA,0,NA,NA,NA,NA,NA,0,0,0,0,0,0,NA,0,1.79,5.33,0
ZP158,S5,BVC,Y,N,Y,F,18,0,0,NA,NA,0,NA,NA,NA,NA,NA,0,0,0,0,0,0,NA,0,5.14,NA,0
ZP159,S6,BPC,Y,Y,N,F,9,1,1,1,2,1,3,2,NA,NA,NA,19,18,1,0,15,4,NA,0,11.98,9.22,0
ZP160,S7,BPC,Y,Y,N,F,21,1,1,1,1,1,4,7,10,12,NA,0,0,0,0,0,0,79,2,192.08,93.65,0
ZP161,S8,BPC,Y,Y,N,F,6,1,1,1,2,1,NA,NA,NA,NA,NA,0,0,0,0,0,0,NA,0,9.5,2.59,0
ZP162,S10,BPV,Y,Y,Y,F,20,1,1,1,2,1,3,2,5,13,NA,10,3,7,0,6,4,NA,0,76.22,39.2,0
ZP163,S11,BPV,Y,Y,Y,F,15,1,1,1,2,1,5,6,8,12,NA,8,5,0,3,3,5,100,1,185.92,104.22,0
ZP164,S9,BPV,Y,Y,Y,F,17,1,1,0,2,1,3,2,3,3,NA,7,0,0,7,0,7,NA,0,8.9,9.15,0
ZP165,S2,PVC,N,Y,Y,F,13,1,1,1,2,1,1,2,2,NA,1,0,0,0,0,0,0,NA,0,9.57,3.01,1
ZP166,S3,PVC,N,Y,Y,F,4,1,1,1,2,1,3,3,3,NA,14,0,0,0,0,0,0,NA,0,8.09,16.59,1
ZP167,S9,PVC,N,Y,Y,F,10,1,1,1,2,1,2,2,NA,NA,NA,0,0,0,0,0,0,NA,0,5.3,9.38,0
ZP168,S10,PVC,N,Y,Y,F,27,1,1,1,2,1,2,3,3,NA,NA,0,0,0,0,0,0,NA,0,11.42,20.06,0
ZP169,S4,CCC,N,N,N,G,22,1,1,1,2,1,2,2,3,NA,13,0,0,0,0,0,0,NA,0,7.66,10.22,1
ZP170,S2,CCC,N,N,N,G,28,1,0,NA,NA,0,NA,NA,NA,NA,NA,0,0,0,0,0,0,NA,0,1.6,NA,0
ZP171,S11,CCC,N,N,N,G,14,1,1,1,2,1,1,1,NA,NA,NA,0,0,0,0,0,0,NA,0,8.41,4.58,0
ZP172,S2,BCC,Y,N,N,G,19,1,1,1,2,1,3,2,3,1,NA,6,0,0,6,0,6,NA,0,9.53,8.31,0
ZP173,S3,BCC,Y,N,N,G,21,1,1,1,2,1,1,1,NA,NA,NA,0,0,0,0,0,0,NA,0,8.36,4.82,0
ZP174,S5,BCC,Y,N,N,G,27,1,1,1,2,1,1,1,NA,NA,NA,0,0,0,0,0,0,NA,0,5.82,5.25,0
ZP175,S9,VCC,N,N,Y,G,7,0,0,NA,NA,0,NA,NA,NA,NA,NA,0,0,0,0,0,0,NA,0,NA,NA,0
ZP176,S4,VCC,N,N,Y,G,5,1,1,1,2,1,3,2,3,3,NA,0,0,0,0,0,0,NA,0,9.16,14.38,0
ZP177,S1,VCC,N,N,Y,G,17,1,1,1,2,1,2,1,NA,NA,NA,0,0,0,0,0,0,NA,0,11.69,11.04,0
ZP178,S7,PCC,N,Y,N,G,4,0,0,NA,NA,0,NA,NA,NA,NA,NA,0,0,0,0,0,0,NA,0,NA,NA,0
ZP179,S5,PCC,N,Y,N,G,6,1,1,1,2,1,3,2,3,3,NA,0,0,0,0,0,0,NA,0,12.04,14.63,0
ZP180,S1,PCC,N,Y,N,G,26,1,1,1,2,1,3,1,1,NA,1,0,0,0,0,0,0,NA,0,6.41,26.03,1
ZP181,S10,PCC,N,Y,N,G,15,1,1,1,2,1,3,2,3,4,NA,0,0,0,0,0,0,NA,0,15.1,14.36,0
ZP182,S2,BVC,Y,N,Y,G,11,1,0,NA,NA,0,NA,NA,NA,NA,NA,0,0,0,0,0,0,NA,0,NA,2.29,0
ZP183,S9,BVC,Y,N,Y,G,20,1,1,1,2,1,3,2,3,2,NA,0,0,0,0,0,0,NA,0,7.69,10.7,0
ZP184,S10,BVC,Y,N,Y,G,3,1,1,1,2,1,2,1,NA,NA,NA,0,0,0,0,0,0,NA,0,13.1,9.67,0
ZP185,S11,BVC,Y,N,Y,G,24,1,1,1,2,1,3,1,1,NA,1,11,0,0,11,0,11,NA,0,4.7,12.16,1
ZP186,S3,BPC,Y,Y,N,G,16,1,1,1,2,1,2,2,1,NA,1,0,0,0,0,0,0,NA,0,11.2,6.4,1
ZP187,S6,BPC,Y,Y,N,G,13,1,1,1,1,1,4,4,5,11,NA,7,5,2,0,4,3,NA,0,118.66,56.07,0
ZP188,S4,BPC,Y,Y,N,G,2,1,1,1,2,1,3,1,1,NA,7,0,0,0,0,0,0,NA,0,9.26,13.99,1
ZP189,S8,BPC,Y,Y,N,G,10,1,1,1,1,1,3,4,4,NA,12,0,0,0,0,0,0,NA,0,5.04,6.1,1
ZP190,S4,BPV,Y,Y,Y,G,25,1,1,1,2,1,5,9,11,11,NA,33,29,4,0,26,7,60,8,258.3,152.57,0
ZP191,S6,BPV,Y,Y,Y,G,9,1,1,1,2,1,1,1,NA,NA,NA,25,6,19,0,24,1,NA,0,10.77,21.87,0
ZP192,S1,BPV,Y,Y,Y,G,1,1,1,1,2,1,5,8,11,12,NA,0,0,0,0,0,0,59,7,118.98,217.73,0
ZP193,S9,PVC,N,Y,Y,G,8,0,0,NA,NA,0,NA,NA,NA,NA,NA,0,0,0,0,0,0,NA,0,NA,NA,0
ZP194,S10,PVC,N,Y,Y,G,12,1,0,NA,NA,0,NA,NA,NA,NA,NA,0,0,0,0,0,0,NA,0,4.54,0.36,0
ZP195,S1,PVC,N,Y,Y,G,18,1,1,1,2,1,2,1,1,NA,1,0,0,0,0,0,0,NA,0,8.62,11.84,1
ZP196,S2,PVC,N,Y,Y,G,23,1,1,1,2,1,NA,NA,NA,NA,NA,0,0,0,0,0,0,NA,0,5.33,0.71,0
ZP197,S8,CCC,N,N,N,H,14,1,1,1,1,1,3,3,NA,NA,NA,0,0,0,0,0,0,NA,0,5.7,1.01,0
ZP198,S10,CCC,N,N,N,H,19,0,0,NA,NA,0,NA,NA,NA,NA,NA,0,0,0,0,0,0,NA,0,NA,NA,0
ZP199,S7,CCC,N,N,N,H,28,1,1,0,2,1,3,2,2,2,NA,0,0,0,0,0,0,NA,0,7.73,7.15,0
ZP200,S1,BCC,Y,N,N,H,13,1,1,1,2,1,2,2,2,NA,2,0,0,0,0,0,0,NA,0,9.88,1.4,1
ZP201,S3,BCC,Y,N,N,H,25,1,1,1,2,1,4,3,2,NA,1,0,0,0,0,0,0,NA,0,8.03,5.99,1
ZP202,S9,BCC,Y,N,N,H,22,1,1,0,NA,0,NA,NA,NA,NA,NA,0,0,0,0,0,0,NA,0,0.49,NA,0
ZP203,S9,BCC,Y,N,N,H,10,1,0,NA,NA,0,NA,NA,NA,NA,NA,0,0,0,0,0,0,NA,0,0.67,0.87,0
ZP204,S2,VCC,N,N,Y,H,11,0,0,NA,NA,0,NA,NA,NA,NA,NA,0,0,0,0,0,0,NA,0,NA,NA,0
ZP205,S2,VCC,N,N,Y,H,5,1,1,1,2,1,2,2,1,NA,2,0,0,0,0,0,0,NA,0,4.86,10.15,2
ZP206,S10,VCC,N,N,Y,H,26,1,1,1,2,1,4,4,4,3,NA,0,0,0,0,0,0,NA,0,10.6,6.2,0
ZP207,S2,PCC,N,Y,N,H,24,0,0,NA,NA,NA,NA,NA,NA,NA,NA,0,0,0,0,0,0,NA,0,NA,1.21,0
ZP208,S9,PCC,N,Y,N,H,2,1,1,0,1,1,3,2,3,2,NA,0,0,0,0,0,0,NA,0,5.41,9.22,0
ZP209,S9,PCC,N,Y,N,H,9,1,1,1,2,1,3,4,2,NA,3,0,0,0,0,0,0,NA,0,7.88,8.79,1
ZP210,S4,PCC,N,Y,N,H,8,1,1,1,NA,0,NA,NA,NA,NA,NA,0,0,0,0,0,0,NA,0,2.49,0.86,0
ZP211,S2,BVC,Y,N,Y,H,4,1,1,1,2,1,3,2,4,NA,28,0,0,0,0,0,0,NA,0,9.37,12.9,1
ZP212,S9,BVC,Y,N,Y,H,17,1,0,NA,NA,0,NA,NA,NA,NA,NA,0,0,0,0,0,0,NA,0,NA,NA,0
ZP213,S3,BVC,Y,N,Y,H,21,1,1,1,NA,0,NA,NA,NA,NA,NA,0,0,0,0,0,0,NA,0,5.46,2.77,0
ZP214,S10,BVC,Y,N,Y,H,15,1,1,1,2,1,3,1,1,NA,1,0,0,0,0,0,0,NA,0,9.53,11.01,1
ZP215,S2,BPC,Y,Y,N,H,6,1,1,1,2,1,NA,NA,NA,NA,NA,0,0,0,0,0,0,NA,0,7.88,5.12,0
ZP216,S3,BPC,Y,Y,N,H,18,1,1,1,2,1,NA,NA,NA,NA,NA,0,0,0,0,0,0,NA,0,10.11,1.45,0
ZP217,S6,BPC,Y,Y,N,H,20,0,0,NA,NA,0,NA,NA,NA,NA,NA,0,0,0,0,0,0,NA,0,NA,NA,0
ZP218,S8,BPC,Y,Y,N,H,23,0,0,NA,NA,0,NA,NA,NA,NA,NA,0,0,0,0,0,0,NA,0,NA,NA,0
ZP219,S4,BPV,Y,Y,Y,H,3,1,1,1,2,1,2,1,NA,NA,NA,0,0,0,0,0,0,NA,0,7.73,6.36,0
ZP220,S4,BPV,Y,Y,Y,H,16,1,1,1,2,1,NA,NA,NA,NA,NA,0,0,0,0,0,0,NA,0,4.91,2.2,0
ZP221,S6,BPV,Y,Y,Y,H,7,0,0,NA,NA,0,NA,NA,NA,NA,NA,0,0,0,0,0,0,NA,0,NA,2.96,0
ZP222,S5,PVC,N,Y,Y,H,12,1,1,1,2,1,3,1,3,3,NA,0,0,0,0,0,0,NA,0,10.46,20.9,0
ZP223,S6,PVC,N,Y,Y,H,27,1,0,NA,NA,0,NA,NA,NA,NA,NA,0,0,0,0,0,0,NA,0,NA,NA,0
ZP224,S7,PVC,N,Y,Y,H,1,0,0,NA,NA,0,NA,NA,NA,NA,NA,0,0,0,0,0,0,NA,0,NA,2.82,0
ZP225,S2,CCC,N,N,N,I,1,0,0,NA,NA,0,NA,NA,NA,NA,NA,0,0,0,0,0,0,NA,0,NA,NA,0
ZP226,S6,CCC,N,N,N,I,6,1,1,1,2,1,3,2,5,NA,10,0,0,0,0,0,0,NA,0,9.62,6.67,1
ZP227,S3,CCC,N,N,N,I,12,1,1,1,2,1,3,1,1,NA,7,0,0,0,0,0,0,NA,0,8.12,8.77,1
ZP228,S9,BCC,Y,N,N,I,25,1,1,1,1,1,3,1,4,2,NA,0,0,0,0,0,0,NA,0,5.14,6.8,0
ZP229,S8,BCC,Y,N,N,I,2,1,1,1,1,1,3,3,4,NA,11,0,0,0,0,0,0,NA,0,8.58,7.69,`
ZP230,S7,BCC,Y,N,N,I,18,1,1,1,NA,0,NA,NA,NA,NA,NA,0,0,0,0,0,0,NA,0,7.04,1.29,0
ZP231,S10,BCC,Y,N,N,I,3,1,1,1,2,1,4,6,8,10,NA,16,15,0,1,12,4,69,1,105.14,61.24,0
ZP232,S4,VCC,N,N,Y,I,15,1,1,1,2,1,3,2,4,2,NA,0,0,0,0,0,0,NA,0,11.41,18.4,0
ZP233,S7,VCC,N,N,Y,I,11,1,1,1,2,1,2,1,NA,NA,NA,0,0,0,0,0,0,NA,0,7.74,5.11,0
ZP234,S9,VCC,N,N,Y,I,19,1,1,1,1,1,2,1,NA,NA,NA,0,0,0,0,0,0,NA,0,4.7,4.09,0
ZP235,S3,VCC,N,N,Y,I,14,1,1,1,2,1,3,1,NA,NA,NA,0,0,0,0,0,0,NA,0,8.91,13.4,0
ZP236,S5,PCC,N,Y,N,I,21,1,1,1,2,1,2,1,1,NA,30,0,0,0,0,0,0,NA,0,6.52,9.6,1
ZP237,S6,PCC,N,Y,N,I,16,1,1,1,2,1,2,2,1,NA,1,0,0,0,0,0,0,NA,0,13.44,13.56,1
ZP238,S3,PCC,N,Y,N,I,10,1,1,1,2,1,3,2,3,1,NA,0,0,0,0,0,0,NA,0,10.39,13.6,0
ZP239,S5,PCC,N,Y,N,I,8,1,1,1,2,1,3,1,1,NA,1,0,0,0,0,0,0,NA,0,5.11,7.63,1
ZP240,S1,BVC,Y,N,Y,I,27,1,1,1,2,1,2,1,1,1,NA,13,0,0,13,0,13,NA,0,7.43,3.35,0
ZP241,S4,BVC,Y,N,Y,I,13,1,1,1,2,1,3,3,2,NA,15,0,0,0,0,0,0,NA,0,6.62,9.95,1
ZP242,S6,BVC,Y,N,Y,I,23,1,1,1,2,1,5,4,6,10,NA,42,6,36,0,9,33,96,1,108.67,60.09,0
ZP243,S7,BVC,Y,N,Y,I,5,1,1,1,2,1,5,8,9,11,NA,23,21,0,2,19,4,61,3,156.73,52.27,0
ZP244,S7,BPC,Y,Y,N,I,22,1,1,1,2,1,2,1,1,NA,6,0,0,0,0,0,0,NA,0,8.41,10.71,1
ZP245,S1,BPC,Y,Y,N,I,17,1,1,1,2,1,5,5,7,8,NA,30,19,11,0,21,9,64,4,115.66,52.36,0
ZP246,S10,BPC,Y,Y,N,I,26,1,1,1,2,1,5,6,9,11,NA,29,18,0,11,18,11,74,5,118.03,54.87,0
ZP247,S5,BPV,Y,Y,Y,I,24,1,1,1,2,1,2,1,1,NA,15,0,0,0,0,0,0,NA,0,4.97,12.08,1
ZP248,S2,BPV,Y,Y,Y,I,7,1,1,1,2,1,3,2,3,2,13,15,0,0,15,0,15,NA,0,5.75,7.03,1
ZP249,S11,BPV,Y,Y,Y,I,9,0,0,NA,NA,0,NA,NA,NA,NA,NA,0,0,0,0,0,0,NA,0,NA,NA,0
ZP250,S8,PVC,N,Y,Y,I,4,1,1,1,2,1,3,4,4,2,NA,0,0,0,0,0,0,NA,0,8.69,9.22,0
ZP251,S1,PVC,N,Y,Y,I,28,1,1,1,2,1,3,1,1,NA,1,0,0,0,0,0,0,NA,0,9.22,9.88,1
ZP252,S3,PVC,N,Y,Y,I,20,1,1,1,2,1,2,1,1,NA,14,0,0,0,0,0,0,NA,0,7.76,12.71,1
ZP253,S4,CCC,N,N,N,J,3,1,1,1,2,1,3,3,4,3,NA,0,0,0,0,0,0,NA,0,10.27,9.37,0
ZP254,S5,CCC,N,N,N,J,6,1,1,1,2,1,3,3,5,2,NA,0,0,0,0,0,0,NA,0,11.66,8.96,0
ZP255,S4,BCC,Y,N,N,J,1,0,0,NA,NA,0,NA,NA,NA,NA,NA,0,0,0,0,0,0,NA,0,NA,NA,0
ZP256,S2,BCC,Y,N,N,J,11,1,1,1,NA,0,NA,NA,NA,NA,NA,0,0,0,0,0,0,NA,0,3.77,1.02,0
ZP257,S1,VCC,N,N,Y,J,5,1,1,1,2,1,3,3,4,2,NA,0,0,0,0,0,0,NA,0,6.33,6.97,0
ZP258,S3,VCC,N,N,Y,J,8,1,1,1,2,1,4,2,3,1,NA,0,0,0,0,0,0,NA,0,12.71,5.46,0
ZP259,S6,PCC,N,Y,N,J,12,1,1,1,2,1,3,1,3,3,NA,0,0,0,0,0,0,NA,0,15.28,14.75,0
ZP260,S4,PCC,N,Y,N,J,9,1,1,1,2,1,3,2,4,4,NA,0,0,0,0,0,0,NA,0,12.54,6.25,0
ZP261,S1,BVC,Y,N,Y,J,2,1,1,1,1,1,NA,NA,NA,NA,NA,0,0,0,0,0,0,NA,0,6.6,0.54,0
ZP262,S10,BPC,Y,Y,N,J,4,1,0,NA,NA,0,NA,NA,NA,NA,NA,0,0,0,0,0,0,NA,0,NA,NA,0
ZP263,S3,BPV,Y,Y,Y,J,10,1,1,1,2,1,5,6,7,10,NA,26,23,0,3,21,5,81,1,114.91,47.93,0
ZP264,S7,PVC,N,Y,Y,J,7,1,1,1,2,1,3,2,3,NA,10,0,0,0,0,0,0,NA,0,8.89,4.52,1
ZP265,S3,CCC,N,N,N,J,13,1,1,1,2,1,NA,NA,NA,NA,NA,0,0,0,0,0,0,NA,0,6.11,1.04,0
ZP266,S5,BVC,Y,N,Y,J,14,1,1,0,1,1,4,4,3,1,NA,0,0,0,0,0,0,NA,0,7.53,6.69,0
ZP267,S5,PVC,N,Y,Y,J,15,1,1,1,2,1,3,3,4,2,NA,0,0,0,0,0,0,NA,0,9.13,5.2,0
ZP268,S3,BPC,Y,Y,N,J,16,1,1,1,NA,0,NA,NA,NA,NA,NA,0,0,0,0,0,0,NA,0,4.87,2.55,0
ZP269,S11,CCC,N,N,N,J,17,1,1,1,2,1,3,2,3,4,NA,0,0,0,0,0,0,NA,0,10.38,10.17,0
ZP270,S1,BCC,Y,N,N,J,18,1,0,NA,NA,0,NA,NA,NA,NA,NA,0,0,0,0,0,0,NA,0,NA,NA,0